id,name,value
21012A50-,BENES,23595.48
21001A41-,ROMAIN ROLLAND,23110.52
21001A42-,KAT,25343.75
21001A43-,VAN BEETHOVEN,21107.71
21001A441,DOCTEUR ROUX,19683.28
21001A451,VENIZELOS,20612.93
21001A472,STADE COMMUNAL - INDUSTRIE,24940.05
21001A503,VIVES,22703.49
21001A401,ARBORETUM,23987.94
21001A81-,BROECK,22233.75
21001B321,ALBERT I- QUARTIER,15885.68
21001B31-,ALBERT I- IMMEUBLES,15572.75
21001A84-,POESIE,23062.61
21001A85-,AUBADE,20193.14
21001A90-,SCHEUTKAPEL,17571.22
21001A911,SCHEUT-EST,20090.9
21001A92-,JAKOB SMITS,22005.36
21001A931,AGRAFE-NORBERT GILLE,19253.6
21001A941,CROCUS,22576.07
21001A95-,BUFFON,23338.13
21001B10-,ROSEE-EST,15572.75
21001B11-,ROSEE-OUEST,15217.88
21001B17-,ABATTOIR,17200.75
21001B20-,CONSEIL-NORD,15819.46
21001B21-,BROGNIEZ-NORD,16206.63
21001B22-,BROGNIEZ-SUD,16619.34
21001B23-,CONSEIL-SUD,16421.48
21001B241,REVISION-SUD,17245.24
21001B25-,REVISION-NORD,16787.1
21001A51-,SCHERDEMAEL,26132.82
21001A83-,PETERBOS,15744.27
21001A52-,SCHERDEMAEL-NORD,29249.91
21001A552,TREFLE,21605.84
21004F953,RUE DU WIMPELBERG,21464.54
21004F970,MARLY-NORD,24378.91
21004F994,TRASSERSWEG - NEDER-HEEMBEEK,23933.2
21004F9MJ,NEDER-HEEMBEEK-NORD,25819.72
21004G30-,SAINTE-ELISABETH,22840.25
21004G310,HAREN-SUD-OUEST,22847.43
21004F91-,CROIX DE GUERRE (AVENUE DES),22791.9
21004F94-,VAL MARIA,15942.95
21004E73-,EM. BOCKSTAEL (BOULEVARD)-SUD,17125.88
21004E70-,MARIE-CHRISTINE (RUE),17376.38
21004C552,LOUISE (AVENUE)-SUD,25422.22
21004C61-,U.L.B.,19752.43
21004C63-,NATIONS (SQUARE DES),25360.3
21004C642,AVENUE FRANKLIN ROOSEVELT,24799.56
21004C65-,VIVIER D'OIE,32703.84
"21004D600",PARVIS SAINT-ROCH,15418.82
21004E72-,MAISON ROUGE (PLACE)-SUD,18402.88
21004F930,COIN DES CERISES,15572.75
21004F922,RUE CHATEAU BEYAERD,23116.9
21004F901,PLACE PETER BENOIT,24992.56
21001A712,SCHEUT - DE SMET,17893.48
21001A72-,OSSEGEM,19215
21001A74-,SCHEUT-OUEST,19609.83
21001B332,GOUJONS,15572.75
21019A51-,COLLEGE SAINT-MICHEL,27148.88
21001B372,DEUX GARES,16814.36
21001C512,CHANTS D'OISEAUX,19754.66
"21004E800",DIVIN JESUS,20144.88
21004E81-,DISQUE (RUE DU),19629.06
21004E82-,CITE MODELE,16972.98
21004E83-,STIENON (AVENUE),22215.99
21004E8MJ,HEYSEL,17003.88
21004F511,AVENUE DES PAGODES,25978.2
21004F522,AVENUE DE VERSAILLES,26964.62
21004F531,RUE DES FAINES,24198.87
21004F572,MARLY-SUD,22062.8
21004E74-,EM. DELVA (RUE),17917.84
21001A53-,NELLIE MELBA,24394.41
"21004D610",ANVERS (CHAUSSEE D')-SUD,17988.24
21001A82-,MOORTEBEEK,18822.84
21001A142,VEEWEYDE-NORD,20427.11
21016A701,MERLO,19669.17
21016A71-,KEIENBEMPT,24390.61
21016A72-,MELKRIEK,17250.49
21016A731,ROETAERT,28730.49
21016A772,ZWARTEBEEK,20070.07
21016A80-,VANDERKINDERE,24658.22
21016A81-,BASCULE,21222.76
21016A65-,ALSEMBERG-SUD,22561.34
21016A82-,CHURCHILL,24663.86
21016A841,ZEECRABBE,32344.99
21016A85-,BRUGMANN,25313.1
21016A901,CENTRE-OUEST,25377.66
21016A912,GLOBE-OUEST,25614.32
21016A922,WOLVENBERG,24383.78
21016A933,VOSSEGAT-OUEST,24599.92
21016A943,SEPT-BONNIERS,21174.57
21016A831,LONGCHAMP,26295.26
21016A64-,MOLENSTEEN,26698.91
21016A639,HOMBORCH,16862.84
21016A620,KRIEKENPUT,27730.02
21015A12-,HUART HAMOIR (AVENUE),23136.32
21015A13-,PORTAELS (RUE),17322.98
21015A142,SAINTE-FAMILLE,17608.96
21015A152,PR. ELISABETH-NORD,18012.7
21015A20-,HELMET,19350.74
21015A21-,GUIDO GEZELLE (RUE),17702.65
21015A22-,MARBOTIN A. (RUE),17584.8
21015A231,J. BLOCKX (RUE),22683.55
21015A24-,WAELHEM (RUE),19490.88
21015A272,HOPITAL P. BRIEN,21122.16
21015A30-,GRANDE RUE AU BOIS,19607.85
21015A31-,PATRIE,19646.33
21015A32-,CONSOLATION (RUE DE LA),21099.02
21015A34-,PAQUERETTES (RUE),20515.72
21007A03-,FOYER FORESTOIS - FAMILLE,17076.58
21015A822,CH. GILISQUET - SUD (AVENUE),20884.81
21015A883,THEUNIS PIERRE (RUE),18196.04
21016A954,VOSSEGAT-EST,23748.32
21001A152,LINDE-OUEST,20736.45
21016A610,ENGELAND,31749.97
21016A601,BOURDON,24534.57
21016A490,KAUWBERG,27820.86
21016A533,MOENSBERG,25073.48
21007A02-,STUART MERRIL,25868.58
21007A01-,CURE D'ARS,20682.55
21007A00-,CENTRE SAINT-DENIS,18117.9
21001A00-,RESISTANCE,17134.42
21001A011,KLEINMOLEN,16526.6
21016A44-,PECHERIE,27401.66
21001A02-,WAYEZ,15382.52
21001A041,VEEWEYDE-SUD,20632.41
21001A051,LINDE-EST,18296.31
21001A07-,BIRMINGHAM,16566.07
21001A10-,PORSELEIN,19563.22
21001A112,BIESTEBROEK,16462.6
21001A120,MINIMES,18220.1
21001A132,RAUTER-NORD,17614.73
21001A031,RAUTER-SUD,16858.23
21016A429,CARLOO,27206.94
21016A410,ALPHONSE XIII,25258.19
21016A400,SAINT-JOB,22725.55
21016A521,VERREWINKEL,28411.06
21016A00-,GLOBE-EST,23450.22
21016A01-,DIEWEG,26574.09
21016A02-,ALSEMBERG-NORD,18656.37
21016A03-,COGHEN,24885.3
21016A042,ECHEVINAGE,26712.56
21016A05-,LE CHAT,21833.1
21016A102,GROESELENBERG,27338.22
21016A111,VERT CHASSEUR,30838.93
21016A12-,HAMOIR,27761.7
21016A214,ASTRONOMES,19860.02
21016A225,PTOLEMEE,27042.18
21016A232,BEAU SEJOUR,23092.49
21016A311,FORT JACO,32995.22
21016A322,CHAUSSEE DE WATERLOO-EST,22600.12
21016A331,CHAUSSEE DE WATERLOO-OUEST,24593.21
21016A342,FOND,30871.23
21015A831,LATINIS (AVENUE G.),24786.65
21004D62-,ANVERS (CHAUSSEE D')-NORD,15744.27
"21004D631",ALLEE VERTE - BASSIN VERGOTE,33951.44
21004D64-,MASUI (PLACE)-NORD,17267.4
21002A10-,TRANSVAAL,19596.43
21002A11-,SACRE-COEUR,26005.28
21002A12-,AVENUE SCHALLER,29598.34
21002A130,PARC DES PRINCES,36191.76
21002A14-,TEN REUKEN,27123.4
21002A15-,SOUVERAIN (BLV DU)- BUILDINGS,24455.8
21002A20-,SAINT-JULIEN,24066.98
21002A072,CENTRE COMMERCIAL,27647.19
21002A22-,CANARIS (AVENUE DES),30014.4
21003A283,ZAVELENBERG,24680.57
21003A312,POTAARDE  VLAK,26375.98
21004A34-,MONNAIE,18377.24
21004A35-,AD. MAX (BOULEVARD),21210.96
21004A3MJ,CITE ADMINISTRATIVE ET CONGRES,34200.57
21004A70-,BLAES (RUE)-SUD,15676.52
21004A71-,BLAES (RUE)-CENTRE,16194.64
21001B3MJ,PETITE ILE - RIVE DROITE,20559.61
21002A041,VIGNETTE,25178.02
21002A030,LAMMERENDRIES,23635.29
21002A02-,CENTRE-SUD,24822.33
21003A0AJ,HUNDERENVELD,16251.78
21003A10-,HOPITAL FRANCAIS,21769.4
21003A11-,CITE MODERNE,16972.86
21002A24-,AVENUE DE BROUCKERE,22315.85
21003A212,CLOS DU ZAVELENBERG,21289.51
21002A23-,TH. BALIS (PLACE),25656.5
21002A21-,LEBON,26182.06
21001C522,HOPITAL U.L.B.,3205.51
21001C581,CIMETIERE,22909.26
21001C5PA,MEERVELD,21654.72
21001C611,SOETKIN,25969.65
21001C6PB,ZONE RURALE,30280.42
21001C70-,BON AIR - CENTRE,19557.66
21001C71-,BON AIR - CITE JARDIN,18316.03
21001C79-,BON AIR - HABITATIONS DISP.,21448.26
21002A00-,CENTRE - NORD,25419.3
21002A01-,SAINTE-ANNE,30084.74
21004A72-,SAINT-THOMAS (INSTITUT),15559.62
21003A05-,DE SELLIERS DE MORANVILLE,21788
21004A811,QUAI DU COMMERCE,19575.42
21004A83-,E. JACQMAIN (BOULEVARD)-OUEST,18611.65
21004A001,GRAND-PLACE,17590.52
21004A002,BOURSE,19122.74
21004A01-,VIEILLE HALLE AUX BLES,22323.2
21004A02-,SAINT-FRANCOIS XAVIER,17163.63
21004A03-,BON SECOURS - PALAIS DU MIDI,16081.24
21004A04-,NOTRE-DAME DE LA CHAPELLE,15744.27
21004A10-,GARE CENTRALE,28536.12
21003A41-,MONNET,20427.82
21004A12-,REGENT (BOULEVARD DU),30554.3
21004A14-,GRAND SABLON,16438.45
21004A15-,JACOBS (PLACE),19379.07
21004A16-,PALAIS JUSTICE-HOP. ST.-PIERRE,14524.82
21004A20-,BOURSE-NORD-OUEST,19596.43
21004A21-,ANNEESSENS (PLACE),15915.48
21004A22-,SENNE (RUE DE LA),17620.07
21004A23-,NOUVEAU MARCHE AU GRAIN,18462.88
21004A13-,PETIT SABLON,24828.08
21003A38-,KONINCKXBOS,30041.23
21003A342,HOGENBOS,30073.33
21003A331,ALLEE VERTE,21102.83
21004B10-,ORBAN (SQUARE),22905.58
21004B13-,TREVES (RUE DE),22353.42
21004B293,LEOPOLD (PARC),27208.52
21004B2MJ,SCHUMAN (ROND-POINT),32940.23
21004B2NJ,CITE DE LA CHAUSSEE,35740
21004B2WJ,RUE DE PASCAL - ST.-SACREMENT,23943.38
21004B411,DEUX EGLISES (RUE DES),20194.72
21004B421,MARIE-LOUISE (SQUARE),20932.4
21004B43-,AMBIORIX-NORD (SQUARE),18636.71
21004B44-,AMBIORIX-SUD (SQUARE),23132.94
21004B45-,ECOLE MILITAIRE,24917.61
21004C501,LOUISE (AVENUE)-NORD,25386.74
21004A33-,LIBERTE (PLACE DE LA),21439.59
21003A2MJ,GARE,22280.56
21004A32-,CONGRES - GARE,20014.74
21004A24-,MARCHE AU PORCS,19596.43
21003A323,SEPT ETOILES,25016.88
21004A822,RUE DES COMMERCANTS,16895.04
21003A04-,L. DE SMET,25070.09
21003A03-,HAUT-CHAMP,20170.03
21003A02-,LAURE - BASILIQUE,23493.04
21006A171,ANCIEN COMBATTANTS (AVENUE),21337.93
21006A201,HAUT-EVERE,24677.24
21006A21-,HOME FAMILIAL BRABANT,17034.03
21006A22-,SAINT-EXUPERY,25268.78
21006A23-,DU BONHEUR,24381.73
21006A24-,IEDER ZIJN HUIS - ZAVENTEM,15918.32
21006A25-,GIBET,15918.32
21006A153,KEET,19937.32
21006A272,QUARTIER GROSJEAN,23142.56
21006A323,GERMINAL II,15622
21006A37-,ZONE INDUSTRIELLE,44712.49
21006A403,QUARTIER CICERO,25715.02
21006A414,P. DUPONT (RUE),28025.25
21006A474,COMMUNAUTES,27407.76
21006A515,CARLI,19038.32
21006A094,BON PASTEUR,20966.73
21006A312,J. BORDET (AVENUE DE),21687.21
21006A142,ED. DEKNOOP (RUE),22280.14
21006A13-,MAISON COMMUNALE,24016.08
21006A12-,GERMINAL I,15766.54
"21004D672",QUAI DE WILLEBROECK,19548.89
21004D6NJ,TOUR ET TAXIS,24839.96
"21004E101",PARVIS NOTRE DAME,16685.43
"21004E112",RUE DES CHRYSANTHEMES,18001.3
21004E12-,PRINCE LEOPOLD (SQUARE),17278.05
"21004E130",SACRE-COEUR,19495.2
21004E14-,ECOLE DES CADETS,20782.46
"21004E201",AVENUE JEAN DE BOLOGNE,23186.93
"21004E211",RUE DE WAND,21136.44
"21004E222",MUTSAARD (AVENUE),23481.98
"21004E233",DE MEYSSE (AVENUE),24176.72
21004G321,HAREN-EST,22415.16
21004G3MJ,DOBBELENBERG (RUE DE),21861.49
21004G3NJ,HAREN-SUD,19594.51
21005A00-,HOTEL COMMUNAL,22025.22
21006A101,CONSCIENCE,21524.28
21006A11-,OASIS - PROVENCE - LANGUEDOC,25287.56
21004C54-,LOUISE (AVENUE)-SUD-EST,26371.96
21006A052,CHAMP DE REPOS,22246.2
21006A03-,BLOCS SAINT-VINCENT,22755.16
21005A01-,SAINTE-GERTRUDE,21302.11
21004C53-,LOUISE (AVENUE)-SUD-OUEST,22395.01
21004C52-,LOUISE (AVENUE)-NORD-OUEST,24420.96
21004C51-,LOUISE (AVENUE)-NORD-EST,23222.97
21002A25-,WATERMAEL (CHAUSSEE DE),24894.76
21002A30-,TRIOMPHE (BOULEVARD DU),19768.16
21002A311,AMITIE (PLACE DE L'),25012.04
21002A372,QUARTIER INDUSTRIE,28030.68
21002A411,PUTDAAL,29369.05
21002A422,AVENUE IS.GERARD,33215.86
21002A43-,SOUVERAIN (BOULEVARD DU) NORD,28942.94
21002A441,CHANT D'OISEAUX,32328.12
21002A45-,VAL DUC,29411.33
21002A511,INVALIDES (BOULEVARD DES),28044.32
21002A52-,BEAULIEU,30588.51
21002A53-,PECHERIES,26553.92
21003A00-,CENTRE,21012.89
21003A011,MOLENBERG,20028.12
21006A042,KERKHOEK,24417.79
21015A111,MAETERLINCK,19739.74
21006A02-,IEDER ZIJN HUIS - STROOBANTS,15744.27
21006A001,VIEIL EVERE,21234.7
21005A02-,CHAMP DU ROI (RUE),21679.09
21005A031,MAELBEEK,19159.33
21005A042,PH. BAUCQ (RUE),19883.2
21005A051,RINSDELLE,23024.38
21005A082,COURS ST-MICHEL,37214.57
21005A10-,GENERAL HENRI (RUE),20144.91
21005A11-,NOTRE-DAME DU SACRE-COEUR,24636.12
21005A12-,SAINT-ANTOINE,18547.63
21005A13-,LA CHASSE,18635.32
21005A14-,ARMEE (AVENUE DE L'),25961.18
21005A15-,SAINT-MICHEL COLLEGE,27107.31
21005A20-,PORTE DE TERVUEREN - TONGRES,23436.78
21005A21-,PORTE DE TERVUEREN - BRAFFORT,24867.29
21005A22-,PORTE DE TERVUEREN - L. DE LAN,23627.62
21005A311,CASERNE (Etterbeek),24647.01
21005A322,NOUVELLE AVENUE-SUD,15766.54
21005A33-,CARDINAL LAVIGERIE (RUE),25633.53
21006A011,CENTRE,22167.81
21004A25-,BEGUINAGE (PLACE DU),22456.86
21015A101,GARE,20209.96
21015A04-,L'OLIVIER (RUE),16504.8
21007A783,PARC DE FOREST,20047.44
21007A814,VILLAS - MONT KEMMEL,21807.24
21008A00-,CENTRE,21883.49
21008A01-,VAN PAGE-SUD,21815.77
21007A61-,MONTENEGRO (RUE),19107.3
21008A02-,SIPPELBERG,20253.25
21008A20-,CHARLES-QUINT,21394.46
21007A75-,TOURNOI (RUE DU),25107.72
21008A21-,MAIL,24781.64
21008A23-,DE MESMAEKER,30193.86
21008A240,REFORME,23127.2
21008A30-,LE HOME,23424.04
21008A31-,TOUSSAINT,23552.77
21008A32-,HEIDEKEN,23114.22
21008A33-,VAN PAGE-NORD,24689.55
21008A10-,PLATEAU,20659.21
21008A220,VILLAS DE GANSHOREN (OUEST),16166.41
21007A73-,BERCKENDAEL (RUE),23440.52
21007A72-,MOLIERE,20538.82
21007A71-,CHAUSSEE D'ALSEMBERG,20623.54
21012A822,KORENBEEK,21671.89
21012A833,ELBERS,17573.45
21012A84-,METTEWIE-BUILDINGS,23535.8
21012A851,CONDOR,23891.17
21012A882,DARING,23585.9
21013A00-,HOTEL DE VILLE,18611.92
21013A01-,ESPAGNE (RUE D'),20737.22
21013A02-,CAPOUILLET (RUE),21073.19
21013A031,AMAZONE (RUE DE),20909.44
21013A04-,PRISON,20834.84
21013A052,FAIDER (RUE),21576.69
21013A101,PARVIS,17311.28
21013A11-,PARME (RUE DE),19133.66
21014A12-,SAINT-LAZARE,15378.32
21010A03-,MIROIR,21889.56
21010A01-,ESSEGHEM,19463.77
21007A70-,ALTITUDE  CENT,23790.38
21007A60-,SAINT-ANTOINE,17454.42
21012A811,MYRTES-NORD,19628
21007A552,REINE MARIE-HENRIETTE,27255.94
21007A04-,FOYER FORESTOIS - MADELON,17114.6
21008A35-,CHARTE,32216.66
21009A00-,CENTRE,19458.78
21009A01-,BLYCKAERTS,17931.18
21009A512,WIERTZ,23280
21009A52-,GRAY (RUE),18685.5
21009A53-,LONDRES (PLACE DE),18055.18
21009A542,EGLISE ANGLICANE,18325.4
21008A34-,PARC ALBERT,37933.33
21009A552,PORTE DE NAMUR,19896.12
21009A612,LIEGEOIS (RUE),20152.78
21009A623,KLAUWAERTS,23701.63
21009A63-,MACAU,22585.74
21009A652,HOPITAUX,17028.92
21009A712,CHATELAIN (PLACE DU)-OUEST,23067.22
21009A72-,DEFACQZ,22684.36
21009A73-,BERCKENDAEL,25823.45
21009A602,BELVEDERE,16417.56
21007A53-,WIELEMANS CEUPPENS,20238.05
21007A52-,VAN VOLXEM - PETITE INDUSTRIE,21426.95
21007A51-,CHATAIGNE,21202.09
21007A05-,NEERSTALLE,22099
21007A06-,KATANGA,20797.63
21007A071,BOLLINCKX,27538.4
21007A082,BEMPT,17742.88
21007A101,BOURGOGNE,18973.38
21007A111,MESSIDOR I,23252.22
21007A12-,HAVESKERCKE,30042.9
21007A132,DENAYER (RUE),24222.83
21007A142,MONTE CARLO,22987.91
21007A201,ROOSENDAEL (RUE),24097.86
21007A21-,MAGNANERIE,24636.16
21007A239,NEPTUNE (AVENUE) I,25164.02
21007A242,GLOBE,23972.58
21007A252,MESSIDOR II,16516.42
21007A40-,PONT DE LUTTRE,16660.49
21007A41-,PONT DE LUTTRE-OUEST,17524.74
21007A50-,BERANGER,20492.61
21007A541,LYCEE,20387.05
21009A802,BOONDAEL-SUD,26405.75
21012A732,CANAL-NORD,19788.94
21012A71-,PIERS,15720.38
21012A03-,RANSFORT,15716.42
21012A02-,BRUNFAUT (QUARTIER),15572.75
21010A05-,ALBERT (QUARTIER),20659.31
21010A10-,ANCIENNE BARRIERE,22924.79
21010A111,HEYMBOSCH,23453.11
21010A121,F. MOHRFELD (RUE DE),28100.29
21010A13-,CITE-JARDIN,23204.2
21012A041,QUATRE VENTS,15745.05
21010A141,BRUGMANN,20845.11
21010A21-,MADELEINE,20944.54
21010A312,BAECK DUPRE,20762.39
21010A393,SACRE-COEUR,28244.95
21010A4MJ,VUB,2212.74
21011A00-,VANHUFFEL,17403.99
21011A01-,SAINTE-ANNE,17872.92
21011A02-,JACQUET (RUE DE),16776.9
21010A1AJ,ARBRE BALLON,30561.36
21012A23-,MACHTENS-SUD,23197.05
21012A511,STEYNS,17999.11
21012A10-,DUCHESSE DE BRABANT,16680.74
21012A41-,MOORTEBEEK,21672.99
21012A39-,DE RAEDT,17143.8
21012A30-,METTEWIE - IDYLLE,22168.81
21012A2MJ,CHEMIN DE FER,24213.84
21012A26-,MACHTENS-NORD,25473.75
21012A25-,BEEKKANT,17462.95
21012A24-,OSSEGHEM,21341.61
21012A22-,BRASILIA,22263.26
21012A05-,SAINT-JOSEPH,15755.4
21012A21-,MARIE-JOSE BLOCS,15730.81
21012A20-,BAECK,20538.49
21012A172,GARE OUEST,16160.3
21012A152,ETANGS NOIRS,15615.42
21012A141,INDEPENDANCE,15918.32
21012A13-,BIRMINGHAM-NORD,16542.06
21012A12-,BIRMINGHAM-SUD,17638.04
21012A11-,INDUSTRIE,15757.45
21011A10-,PAIX (AVENUE DE LA),22470.34
21012A72-,LAVALLEE,15671.65
21011A11-,LEPREUX,23460.86
21011A20-,PLATEAU,21598.23
21014A00-,PLACE SAINT-JOSSE,16746.28
21014A01-,STEURS,17732.21
21014A02-,CHARITE,16798.66
21014A03-,MADOU,19432.21
21014A04-,HAECHT (CHAUSSEE DE),16161.2
21014A05-,HOUWAERT,16147.76
21014A10-,SAINT-FRANCOIS,16161.55
21013A623,FRANCE (RUE DE),24953.39
21013A13-,DETHY (RUE),16694.11
21013A121,GUILLAUME TELL-SUD,15751.93
21013A102,PARVIS,18047.84
21012A60-,LAEKENVELD,17094.98
21012A611,MEXICO,18234.62
21012A62-,LIBERATEURS,17333.66
21012A63-,DUBRUCQ-NORD,17208.42
21012A672,ULENS,17772.98
21010A04-,NOTRE-DAME DE LOURDES,20928.1
21013A612,JAMAR,20082.23
21013A522,RUE D'ECOSSE,19300.56
21013A51-,TOISON D'OR (AVENUE),19923.79
21011A30-,ARCHERS - FOUREZ,18292.04
21012A00-,CENTRE,15345.1
21012A011,CANAL-SUD,18628.45
21012A52-,NEEP (QUARTIER DU),21194.56
21012A53-,SIPPELBERG,15572.75
21012A54-,DELHAIZE,19434.7
21012A552,PFEIFFER,19873.43
21013A151,METAL (RUE DU),18136.57
21013A201,ANGLETERRE (RUE D'),15597.26
21013A211,FONTAINAS,17173.11
21013A22-,REGIES,15895.04
21013A23-,ROI (AVENUE DU),17606.81
21013A242,BETHLEEM (PLACE DE),16126.98
21013A252,DANEMARK (RUE DE),16866
21013A40-,BARRIERE,16766.21
21013A41-,VILLAS (AVENUE DES),19345.27
21013A422,CRICKX (RUE),16262.44
21011A12-,BASILIQUE,25192.73
21009A812,SCHOOLGAT,22946.53
21009A82-,FORET,25338.58
21009A83-,L. ERNOTTE (RUE),15923.6
21017A031,AVENUE DELLEUR,33587.14
21019A12-,ESCRIME (AVENUE DE L'),34148.66
21019A10-,STOCKEL,26008.78
21018A41-,EUROPE,26606.48
21018A42-,VERVLOESEM,29904.75
21018A43-,ROODEBEEK,27609.84
21018A512,QUARTIER DES PEINTRES,29722
21019A131,KONKEL,31645.67
21018A60-,ROODEBEEK PARC,19609.41
21018A62-,HEYDENBERG-OUEST,27643.7
21018A63-,CONSTELLATIONS,21416.38
21018A643,DEUX MAISONS,16866.33
21018A72-,ROGATIONS,23807.32
21018A81-,KAPELLEVELD-SUD,19596.43
21018A82-,MARIE LA MISERABLE,31393.44
21018A83-,KLAKKEDELLE,30895.42
21018A61-,HEYDENBERG-EST,26754.7
21019A45-,HELICE (AVENUE DE L'),28992.09
21019A441,FAISANDERIE,28719.84
21019A43-,CORNICHE VERTE,35754.28
21019A15-,KAPELLEVELD,18311.33
21019A20-,SAINT-PAUL,29854.04
21019A21-,MANOIR,23827.31
21019A22-,PUTDAAL,28908.81
21019A231,KELLE,27493.28
21019A242,VENELLES,26365.68
21019A252,MONTGOLFIER,30043.02
21019A28-,ETANGS MELLAERTS,24102.82
21019A30-,EGLANTINES (AVENUE),28145.96
21019A31-,BEMEL,28290.91
21019A32-,CHANT D'OISEAU,26308.04
21019A33-,MIMOSAS (AVENUE),26625.66
21019A34-,EUROPE (QUARTIER DE L'),32946.14
21019A35-,HORIZON (AVENUE),26073.18
21019A40-,SAINTE-ALIX,29318.7
21019A41-,CITE JOLI-BOIS,27198.7
21019A42-,SALOME AVENUE,30123.08
21018A84-,KAPELLEVELD-NORD-EST,18694.08
21019A14-,VAL DE SEIGNEURS,25351.93
21018A87-,SAINT-LUC,7099.92
21019A01-,BOULEVARD DE LA WOLUWE,23679.3
21015A63-,DESCHANEL P. (AVENUE),24106.27
21015A64-,DUPLOYE SQUARE,19596.43
21015A70-,P. HYMANS (RUE),22517.66
21015A71-,JARDINS,25839.57
21015A721,F. COURTENS (AVENUE),26510.98
21015A73-,H. EVENEPOEL (RUE),25792.99
21015A77-,R.T.B.,15744.27
21015A622,BRUSILIA,24805.81
21015A782,CIMETIERE DE SAINT-JOSSE,18741.22
21015A811,TERDELT,21989.8
21015A35-,JEAN STOBBAERTS (AVENUE),22578.88
21015A33-,BIENFAITEURS (PLACE DE),19361.05
21015A00-,COLIGNON (PLACE),17533.48
21015A01-,VAN YSENDYCK (RUE),22040.06
21015A021,HOUFFALIZE (PLACE),17423.8
21015A03-,JOSAPHAT (RUE),17967.44
21015A36-,CAMBIER (AVENUE E.),24042.64
21015A612,BRICHAUT (RUE DE),16949.05
21015A54-,EMERAUDE (AVENUE),23742.28
21015A53-,DAILLY (PLACE),18817.7
21019A02-,CLOS DU SOLEIL,28716.06
21019A03-,CAPITAINE PIRET (AVENUE),27653.09
21019A04-,EGGERICX (RUE),26246.51
21019A052,DON BOSCO,28215.08
21019A11-,MILLE METRES (AVENUE),26846.24
21017A021,DREVE DES EQUIPAGES,29221.6
21017A01-,COIN DU BALAI,26486.26
21017A000,CENTRE DE BOITSFORT,25936.4
21015A40-,BRABANT (RUE DE),15307.96
21015A41-,VANDERLINDEN (RUE),16820.24
21015A421,PALAIS (RUE DE),17391.04
21015A43-,GARE DU NORD,18763.02
21015A44-,REINE (AVENUE),16452.92
21015A45-,STEPHENSON (PLACE),16216.98
21015A50-,OPALE,24425.34
21015A51-,CERISIERS (AVENUE DES),26781.55
21015A52-,LINTHOUT (RUE),23540.69
21019A001,CENTRE,25874.9
21018A3MJ,GULLEDELLE,32798.93
21018A37-,COMMUNAUTES,24654.69
21018A35-,HOF TEN BERG-NORD,15766.54
21009A2MJ,CAMPUS UNIVERSITAIRE,4851.57
21009A301,BOONDAEL-NORD,24464.95
21009A311,TREILLE (RUE DE LA),24696.07
21009A33-,SAINT-ADRIEN,21947.9
21009A34-,STADE COMMUNAL,16397.09
21009A40-,MELEZES,23205.15
21009A41-,SAINT-GEORGES,22015.55
21009A23-,ETOILE (ROND POINT DE L'),24330.64
21009A42-,RENIER CHALON,25648.87
21014A14-,PRAIRIE,14943.45
21014A3MJ,MANHATTAN,26411.7
21014A41-,BOSSUET,16111.95
21017A696,HERONNIERE,30242.8
21018A00-,TOMBERG,27905.88
21018A01-,SAINT-LAMBERT,25833.78
21018A02-,SLEGERS (AVENUE),28190.08
21009A44-,PREVOT,20440.18
21009A22-,UNIVERSITE,23712.92
21009A21-,ETE,17528.03
21009A20-,PETITE SUISSE (PLACE DE LA),17414.96
21009A90-,SAINT-PHILIPPE DE NERI,18221.7
21009A911,A. DELPORTE-SUD,23298.28
21009A922,CASERNE (Ixelles),19149.28
21010A00-,CENTRE,22791.09
21009A501,LUXEMBOURG (PLACE DE),22001.77
21010A02-,LEOPOLD I,21987.92
21009A451,CHATELAIN (PLACE DU)-EST,22754.88
21009A43-,FERNAND NEURAY,24870.05
21009A02-,MUSEE,17692.68
21009A03-,ERMITAGE,21603.75
21009A041,ARBRE BENIT,20648.3
21009A051,SAINT-BONIFACE,18148.03
21009A101,FLAGEY (PLACE),18461.92
21009A111,WERY (RUE),18111.48
21009A121,GENERAL DE GAULLE,25876.84
21009A13-,GACHARD,22792.56
21009A151,A. DELPORTE-NORD,21765.46
21018A031,ABELOOS,23931.01
21018A04-,BEETEPUT,23975.46
21018A05-,DRIES,26639.8
21018A09-,RASANTE,34532.16
21017A212,AVENUE DE LA TENDERIE,29810.09
21017A220,LE LOGIS-SUD,17269.01
21017A230,BEGUINETTES,28568.62
21017A240,SOUVERAIN-OUEST,27791.44
21017A312,CLOS DES CHENES,37640.09
21017A323,DREVE DES TUMULI,36332.72
21017A374,ZONING DE BUREAUX-SUD,17206.68
21017A41-,AVENUE DE VISE,25136.96
21017A421,WATERMAEL - STATION,26497.56
21017A432,DRIES,28618.48
21017A443,VILLE-ET-FORET - ELAN,15919.16
21017A451,FUTAIE,28936.92
21017A501,CENTRE DE WATERMAEL,24852.1
21017A512,VANDER ELST - BIEN FAIRE,27629.58
21017A523,MARTIN-PECHEUR,26275.3
21017A534,RUE DES BEGONIAS,27671.41
21018A34-,HOF TEN BERG-SUD,36137.41
21017A13-,BOULEAUX,29716.07
21015A05-,ROYALE SAINTE-MARIE (RUE),17224.36
21017A12-,LE LOGIS-NORD,20598.28
21017A08-,SOUVERAIN-EST,29808.64
21018A12-,STOCKEL (CHAUSSEE DE),26693.68
21017A635,PRINCES BRABANCONS,30219.44
21018A13-,GROOTVELD,21741.95
21018A15-,LES SOURCES,33148
21018A20-,GEORGES HENRI (AVENUE),24467.5
21018A21-,DE BROQUEVILLE (AVENUE)-NORD,23969.05
21018A22-,DE BROQUEVILLE (AVENUE)-SUD,26556.27
21018A24-,LAMBEAU (AVENUE),26358.33
21018A30-,SAINTE-FAMILLE,24555.29
21018A311,PARC SCHUMAN,25823.88
21018A32-,CLOS DES PEUPLIERS,32258.49
21018A33-,NEERVELD,26739.32
21018A14-,CHANCELLERIE,19024.48
21017A624,PECHERIES,25202.32
21017A613,AVENUE DE TERCOIGNE,29789.27
21017A541,LOUTRIER - WIENER,22439.51
21017A041,DREVE DU DUC,27319.77
21017A11-,FLOREAL,18963.46
21019A52-,DUC (RUE),25431.05
21001C5MA,MEYLEMEERSCH,
21002A39-,CHEMIN DE FER,
21008A27-,NESTOR MARTIN,
21014A18-,JARDIN BOTANIQUE,
21002A091,TROIS COULEURS,
21001A3MJ,CERIA I,
21004A19-,PALAIS ROYAL,
21002A482,VAL DUCHESSE,
21017A393,ETANGS DE BOITSFORT,
21017A382,FORESTERIE,
21009A29-,CIMETIERE,
21013A2MJ,GARE DU MIDI,
21014A2MJ,NORD,
21001A982,PARC FORESTIER,
21017A472,ZONING DE BUREAUX-NORD,
21016A692,CIMETIERE - ST.-GILLES,
21001A492,ETANGS - PARC,
21009A593,QUARTIER LEOPOLD,
21016A383,FORET DE SOIGNES LORRAINE-W.,
21004D6MJ,QUAI DES USINES - MONNOYER,
21016A39-,FORET DE SOIGNES LORRAINE-EST,
21009A192,ETANGS,
21004B49-,CINQUANTENAIRE (PARC DU),
"21004E193",N.D. DE LAEKEN,
21006A073,GARE DE FORMATION,
21002A492,WOLUWE PARC,
21002A572,DEPOT METRO,
21004B112,RUE DU COMMERCE,
21004A1MJ,COLONIES (RUE DES),
21012A29-,MARIE-JOSE (PARC),
21014A13-,ROGIER,
21007A291,FOREST NATIONAL - STADE,
21019A492,BOIS,
21008A38-,PARC DE RIVIEREN,
21008A19-,BASILIQUE,
21004A30-,SAINT-MICHEL ET GUDULE,
21006A48-,CIMETIERE BRUXELLES,
21001A783,SCHEUT-INTERNAT,
21010A092,PARC DE LA JEUNESSE,
21004B1MJ,RUE JOSEPH II,
21011A29-,PARC ELISABETH,
21016A13-,OBSERVATOIRE,
21015A39-,JOSAPHAT (PARC),
21008A29-,RIVIERE MOLENBEEK,
21007A79-,PARC DUDEN,
21001A37-,ZUEN - INDUSTRIE,
21004G371,GARE DE FORMATION,
"21004E180",DOMAINE ROYALE,
"21004E292",AVENUE DES CROIX DU FEU,
21004C591,CAMBRE (BOIS DE LA),
21017A09-,FORET DE SOIGNES,
21001C6MB,MEYLEMEERSCH-EST,
21002A190,FORET DE SOIGNES,
21002A18-,ROUGE CLOITRE,
21016A193,WOLVENDAEL,
21015A7MJ,JOSAPHAT GARE,
21012A59-,KARREVELD,
21007A373,CHARROI (RUE DE),
21001A08-,ASTRID (PARC),
21018A19-,STRUYCKBEKEN,
21004E8NJ,HOPITAL BRUGMANN,
21019A09-,WOLUWE (PARC DE),
21010A182,DIELEGEM (BOIS DE),
21017A192,STADE DES TROIS TILLEULS,
21005A29-,CINQUANTENAIRE (PARC),
21010A493,LAERBEEK (BOIS DE),
21001A732,SCHEUTVELD,23449.56
21001A30-,BIZET,19297.7
21001A31-,CHAUSSEE DE MONS - SAINT-LUC,20692.92
21001A32-,AURORE,20787.27
21001A331,WALCOURT,32313.05
21001A332,ROUE,18788.98
21001A34-,ROUE - CITE JARDIN,19814.82
21001A80-,SILLON,20117.25
21001A350,CERIA - ZONE D'HABITAT,18195.58
